City,Lat,Lng,Temp,Max Temp,Humidity,Cloudiness,Wind Speed,Country,Date
ushuaia,-54.8,-68.3,37.4,37.4,86,90,10.3,AR,1595570142
balangiga,11.11,125.39,86.36,86.36,68,100,2.54,PH,1595570142
carnarvon,-24.87,113.63,78.80000000000001,78.80000000000001,31,0,4.1,AU,1595570143
punta arenas,-53.15,-70.92,39.092,39.2,86,100,7.7,CL,1595570136
ponta do sol,32.67,-17.1,66.05600000000001,69.99799999999999,78,0,1.56,PT,1595570143
aklavik,68.22,-135.01,60.8,60.8,51,20,4.6,CA,1595570143
east london,-33.02,27.91,55.400000000000006,55.400000000000006,37,0,4.1,ZA,1595570143
nikolskoye,59.7,30.79,59.0,60.008,62,20,3.0,RU,1595570144
chuy,-33.7,-53.46,63.194,63.194,95,82,3.98,UY,1595570144
longyearbyen,78.22,15.64,48.2,48.2,87,75,5.1,SJ,1595570144
saint-philippe,-21.36,55.77,64.13,69.80000000000001,52,20,14.4,RE,1595570144
himberg,48.06,16.45,64.508,66.00200000000001,82,96,1.0,AT,1595570144
puerto del rosario,28.5,-13.86,71.6,71.6,83,20,7.2,ES,1595570144
hermanus,-34.42,19.23,62.564,62.564,41,0,3.43,ZA,1595570145
aleksandro-nevskiy,53.48,40.21,62.078,62.078,63,41,2.46,RU,1595570145
mataura,-46.19,168.86,41.036,41.036,79,94,2.46,NZ,1595570145
tateyama,34.98,139.87,80.348,82.4,83,75,4.6,JP,1595570145
vaini,-21.2,-175.2,73.4,73.4,88,75,4.1,TO,1595570145
port alfred,-33.59,26.89,64.004,64.004,31,0,3.56,ZA,1595570145
cape town,-33.93,18.42,60.044,62.006,44,0,5.7,ZA,1595570146
hasaki,35.73,140.83,79.376,82.004,83,75,2.6,JP,1595570146
dalnerechensk,45.93,133.72,74.066,74.066,81,89,2.84,RU,1595570146
key west,24.56,-81.78,83.084,84.2,74,40,8.2,US,1595570076
tuktoyaktuk,69.45,-133.04,59.0,59.0,58,20,5.1,CA,1595570147
margate,51.38,1.39,63.752,64.994,85,27,0.89,GB,1595570147
kapaa,22.08,-159.32,77.162,80.6,74,40,5.7,US,1595570147
kuyanovo,55.8,54.54,59.918,59.918,96,100,2.31,RU,1595570147
rikitea,-23.12,-134.97,67.352,67.352,59,45,6.39,PF,1595570147
barrow,71.29,-156.79,39.2,39.2,93,90,3.6,US,1595570148
dikson,73.51,80.55,44.024,44.024,88,0,2.14,RU,1595570148
lieksa,63.32,30.02,55.76,55.76,80,66,2.77,FI,1595570148
souillac,-20.52,57.52,67.49600000000001,67.49600000000001,64,68,10.66,MU,1595570148
beringovskiy,63.05,179.32,54.914,54.914,62,95,3.44,RU,1595570149
constitucion,-35.33,-72.42,45.878,45.878,79,0,1.38,CL,1595570149
canatlan,24.52,-104.78,60.008,60.008,88,99,1.34,MX,1595570149
avarua,-21.21,-159.78,71.6,71.6,94,13,1.0,CK,1595570149
kupang,-10.17,123.58,87.80000000000001,87.80000000000001,31,20,9.8,ID,1595570150
san miguel,13.48,-88.18,73.13,73.13,93,75,0.67,SV,1595570150
pevek,69.7,170.31,49.586,49.586,69,60,2.56,RU,1595570150
guarapari,-20.67,-40.5,62.6,62.6,93,20,1.0,BR,1595570150
jamestown,42.1,-79.24,68.702,69.80000000000001,88,90,1.5,US,1595570150
katobu,-4.94,122.53,84.902,84.902,58,83,1.81,ID,1595570150
busselton,-33.65,115.33,62.78,62.995999999999995,50,32,4.56,AU,1595570137
arraial do cabo,-22.97,-42.03,70.646,70.646,79,6,10.04,BR,1595570151
butaritari,3.07,172.79,83.35400000000001,83.35400000000001,76,1,6.24,KI,1595570151
acapulco,16.86,-99.89,80.024,80.024,79,71,1.66,MX,1595570042
coruripe,-10.13,-36.18,72.878,72.878,83,45,5.05,BR,1595570041
hermosillo,29.07,-110.97,80.99600000000001,80.99600000000001,71,83,6.71,MX,1595570152
augusto correa,-1.02,-46.63,72.78800000000001,72.78800000000001,96,65,1.44,BR,1595570152
mutoko,-17.4,32.23,51.35,51.35,69,52,1.95,ZW,1595570152
kaitangata,-46.28,169.85,46.004000000000005,46.004000000000005,61,99,4.92,NZ,1595570152
bilma,18.69,12.92,86.19800000000001,86.19800000000001,16,0,2.39,NE,1595570152
hithadhoo,-0.6,73.08,83.44399999999999,83.44399999999999,71,56,3.84,MV,1595570153
thompson,55.74,-97.86,71.6,71.6,78,20,1.5,CA,1595570101
bluff,-46.6,168.33,47.75,47.75,70,98,11.09,NZ,1595570153
grand gaube,-20.01,57.66,71.006,71.006,49,56,5.81,MU,1595570153
luderitz,-26.65,15.16,73.4,73.4,17,0,7.7,NA,1595570153
qaanaaq,77.48,-69.36,42.836,42.836,63,0,0.98,GL,1595570153
faanui,-16.48,-151.75,77.53999999999999,77.53999999999999,79,11,9.96,PF,1595570153
muroto,33.28,134.15,80.6,80.6,88,75,7.2,JP,1595570154
ribeira grande,38.52,-28.7,68.594,68.594,72,10,2.56,PT,1595570154
roald,62.58,6.13,52.178,53.006,76,4,5.1,NO,1595570154
hobart,-42.88,147.33,52.304,53.006,62,75,2.6,AU,1595570099
dunedin,-45.87,170.5,48.452,48.992000000000004,49,68,4.02,NZ,1595570154
stornoway,58.21,-6.39,53.762,53.996,93,75,2.1,GB,1595570154
albany,42.6,-73.97,70.48400000000001,71.99600000000001,99,71,1.67,US,1595570096
comarapa,-17.9,-64.48,54.373999999999995,54.373999999999995,96,99,0.87,BO,1595570155
komsomolskiy,40.43,71.72,86.0,86.0,35,77,3.1,UZ,1595570155
ambilobe,-13.2,49.05,75.344,75.344,49,87,1.08,MG,1595570155
new norfolk,-42.78,147.06,49.55,53.006,80,100,0.23,AU,1595570155
meulaboh,4.14,96.13,84.812,84.812,66,61,2.4,ID,1595570156
atuona,-9.8,-139.03,79.52,79.52,78,34,9.07,PF,1595570156
comodoro rivadavia,-45.87,-67.5,32.0,32.0,73,0,6.2,AR,1595570015
hami,42.8,93.45,85.406,85.406,35,52,4.8,CN,1595570156
narsaq,60.92,-46.05,50.0,50.0,81,100,1.5,GL,1595570156
dickinson,29.46,-95.05,82.256,84.992,83,40,3.1,US,1595570156
ayan,56.45,138.17,57.362,57.362,74,62,6.92,RU,1595570156
laguna,38.42,-121.42,67.766,68.0,64,1,4.1,US,1595570157
saldanha,-33.01,17.94,48.2,48.2,66,0,0.5,ZA,1595570157
tautira,-17.73,-149.15,76.082,77.0,78,40,2.1,PF,1595570157
montepuez,-13.13,39.0,66.27199999999999,66.27199999999999,68,71,4.89,MZ,1595570157
alekseyevsk,57.84,108.35,83.102,83.102,29,0,1.98,RU,1595570157
sao filipe,14.9,-24.5,76.766,76.766,83,83,5.93,CV,1595570157
mar del plata,-38.0,-57.56,48.938,50.0,93,75,5.7,AR,1595570158
turayf,31.67,38.66,82.4,82.4,48,0,3.1,SA,1595570158
cherskiy,68.75,161.3,69.242,69.242,59,0,6.03,RU,1595570158
airai,-8.93,125.41,70.97,70.97,49,48,1.88,TL,1595570158
pringsewu,-5.36,104.97,83.53399999999999,83.53399999999999,75,100,2.63,ID,1595570158
lapeer,43.05,-83.32,59.306,60.998000000000005,100,1,1.7,US,1595570158
izumo,35.37,132.77,78.80000000000001,78.80000000000001,83,75,1.5,JP,1595570159
bambanglipuro,-7.95,110.28,83.606,83.606,60,98,8.64,ID,1595570159
port-gentil,-0.72,8.78,75.2,75.2,88,75,2.89,GA,1595570159
taoudenni,22.68,-3.98,92.66,92.66,12,0,2.72,ML,1595569976
esperance,-33.87,121.9,59.0,59.0,67,75,4.6,AU,1595570159
bredasdorp,-34.53,20.04,46.4,46.4,93,0,2.6,ZA,1595570159
vila franca do campo,37.72,-25.43,62.6,62.6,88,40,1.5,PT,1595570159
tainan,22.99,120.21,94.568,98.996,63,75,3.1,TW,1595570159
astoria,46.19,-123.83,57.578,59.0,87,90,2.1,US,1595570160
yulara,-25.24,130.99,71.6,71.6,23,0,2.6,AU,1595570160
castro,-24.79,-50.01,53.635999999999996,53.635999999999996,81,2,1.21,BR,1595569985
vila velha,-20.33,-40.29,62.6,62.6,93,20,1.0,BR,1595570160
deniliquin,-35.53,144.97,51.008,51.008,72,100,2.45,AU,1595570160
kodiak,57.79,-152.41,60.8,60.8,59,90,2.1,US,1595570160
kuminskiy,58.67,66.57,70.178,70.178,45,18,3.03,RU,1595570161
maraba,-5.37,-49.12,72.122,72.122,71,29,0.63,BR,1595570161
turbat,26.0,63.04,92.048,92.048,50,51,3.46,PK,1595569915
khandyga,62.67,135.6,85.19,85.19,31,1,0.92,RU,1595570161
tolaga bay,-38.37,178.3,49.730000000000004,49.730000000000004,62,24,3.05,NZ,1595570161
mormugao,15.4,73.8,78.80000000000001,78.80000000000001,94,90,1.5,IN,1595570162
ust-nera,64.57,143.2,85.1,85.1,34,93,0.96,RU,1595570162
goure,13.98,10.27,81.68,81.68,59,99,6.12,NE,1595570162
noumea,-22.28,166.46,74.44399999999999,75.2,64,90,3.6,NC,1595569975
cabo san lucas,22.89,-109.91,83.678,84.992,67,31,1.79,MX,1595569908
tursunzoda,38.51,68.23,93.2,93.2,28,20,1.0,TJ,1595570163
baruun-urt,46.68,113.28,87.76400000000001,87.76400000000001,31,93,1.06,MN,1595570163
poum,-20.23,164.02,74.084,74.084,76,1,5.26,NC,1595570163
port elizabeth,-33.92,25.57,42.8,42.8,81,0,1.0,ZA,1595570072
pachino,36.72,15.09,75.416,80.99600000000001,56,0,0.5,IT,1595570163
broome,42.25,-75.83,66.77600000000001,68.0,100,90,2.1,US,1595570164
walvis bay,-22.96,14.51,66.632,68.0,18,0,10.8,NA,1595570164
lerwick,60.15,-1.15,53.6,53.6,87,43,1.0,GB,1595570164
aswan,24.09,32.91,94.46000000000001,94.46000000000001,17,19,6.28,EG,1595570164
malacatepec,18.93,-98.3,62.006,62.006,94,79,0.75,MX,1595570164
launceston,-41.45,147.17,48.038,48.992000000000004,76,90,5.1,AU,1595570164
baykit,61.67,96.37,60.962,60.962,60,100,2.56,RU,1595570164
upernavik,72.79,-56.15,44.456,44.456,80,64,3.21,GL,1595570165
yingcheng,30.95,113.55,87.80000000000001,87.80000000000001,74,75,2.0,CN,1595570165
pacific grove,36.62,-121.92,56.516,57.992000000000004,93,32,0.45,US,1595570165
chokurdakh,70.63,147.92,82.382,82.382,42,95,0.29,RU,1595570165
santa marta,11.24,-74.2,77.0,77.0,87,54,4.94,CO,1595570093
mildura,-34.2,142.15,66.11,66.2,34,54,3.6,AU,1595570165
georgetown,5.41,100.34,86.324,87.80000000000001,70,40,3.6,MY,1595570070
klaksvik,62.23,-6.59,50.0,50.0,100,100,4.1,FO,1595570166
santa vitoria do palmar,-33.52,-53.37,63.446,63.446,95,77,3.89,BR,1595570166
torrelavega,43.35,-4.05,67.69399999999999,68.0,97,63,0.45,ES,1595570166
dharangaon,21.02,75.27,87.69200000000001,87.69200000000001,62,63,4.29,IN,1595570166
hilo,19.73,-155.09,69.17,78.80000000000001,74,90,2.1,US,1595570005
goderich,43.75,-81.72,66.74000000000001,69.99799999999999,83,0,4.38,CA,1595569985
taltal,-25.4,-70.48,49.891999999999996,49.891999999999996,54,0,2.0,CL,1595570167
kizilskoye,52.73,58.89,66.884,66.884,79,89,6.9,RU,1595570167
carballo,43.21,-8.69,55.58,57.992000000000004,100,11,2.1,ES,1595570167
enid,36.4,-97.88,78.008,78.99799999999999,100,1,3.1,US,1595570167
nurota,40.56,65.69,91.4,91.4,26,0,4.1,UZ,1595570167
quatre cocos,-20.21,57.76,71.006,71.006,49,67,5.81,MU,1595570168
bubaque,11.28,-15.83,78.584,78.584,87,100,5.89,GW,1595570168
itoman,26.12,127.67,87.548,87.80000000000001,79,75,5.1,JP,1595570153
praya,14.92,-23.51,78.80000000000001,78.80000000000001,83,40,4.1,CV,1595569916
gamba,-2.65,10.0,71.294,71.294,82,61,0.06,GA,1595570168
deputatskiy,69.3,139.9,83.24600000000001,83.24600000000001,23,33,3.77,RU,1595570168
saskylakh,71.92,114.08,67.766,67.766,66,92,3.79,RU,1595570168
adrar,20.5,-10.07,90.13999999999999,90.13999999999999,35,0,5.02,MR,1595570169
hearst,49.68,-83.67,58.730000000000004,58.730000000000004,63,42,2.64,CA,1595570169
sailana,23.47,74.92,87.85400000000001,87.85400000000001,58,36,4.55,IN,1595570169
hobyo,5.35,48.53,80.042,80.042,62,79,11.83,SO,1595570169
pisco,-13.7,-76.22,57.542,57.992000000000004,87,0,1.5,PE,1595570169
ligayan,4.65,119.47,83.22800000000001,83.22800000000001,71,98,0.76,PH,1595570170
plouzane,48.38,-4.62,60.8,60.8,100,90,3.6,FR,1595570170
petropavlovskaya,45.08,40.45,76.424,76.424,48,62,4.27,RU,1595570170
alpena,45.06,-83.43,56.894000000000005,57.992000000000004,100,1,1.5,US,1595570170
alice springs,-23.7,133.88,73.47200000000001,75.00200000000001,19,0,3.6,AU,1595570170
torbay,47.67,-52.73,61.556000000000004,62.995999999999995,93,90,6.2,CA,1595570170
disna,55.57,28.2,55.147999999999996,55.147999999999996,82,0,3.91,BY,1595570171
baghdad,33.34,44.4,100.4,100.4,27,1,2.6,IQ,1595570129
kruisfontein,-34.0,24.73,62.33,62.33,29,0,4.6,ZA,1595570171
fortuna,40.6,-124.16,55.832,55.994,93,90,3.6,US,1595570171
svetlyy,54.67,20.13,57.2,57.2,82,18,3.0,RU,1595570171
kaliganj,23.41,89.14,82.13,82.13,88,100,4.02,BD,1595569965
kununurra,-15.77,128.73,86.0,86.0,19,0,4.6,AU,1595570172
pemangkat,1.17,108.97,83.336,83.336,70,73,1.65,ID,1595570172
iqaluit,63.75,-68.51,53.6,53.6,58,75,3.1,CA,1595570172
port macquarie,-31.43,152.92,64.004,64.004,79,43,3.58,AU,1595570172
port hardy,50.7,-127.42,55.400000000000006,55.400000000000006,93,75,1.87,CA,1595570172
the pas,53.83,-101.25,73.4,73.4,88,90,6.2,CA,1595570172
methoni,36.82,21.7,78.044,78.99799999999999,44,0,1.5,GR,1595570172
flin flon,54.77,-101.86,68.612,68.612,95,84,2.36,CA,1595569981
citluk,43.23,17.7,71.6,71.6,68,0,1.5,BA,1595570173
kalakamati,-20.59,27.31,44.6,44.6,65,0,2.1,BW,1595570173
talnakh,69.49,88.4,55.400000000000006,55.400000000000006,62,21,12.0,RU,1595570173
geraldton,-28.77,114.6,68.0,68.0,49,0,6.7,AU,1595570173
ust-maya,60.42,134.53,81.824,81.824,33,0,2.12,RU,1595570173
west bay,19.37,-81.42,80.006,80.006,89,100,1.79,KY,1595570174
nagato,34.38,131.2,77.55799999999999,78.80000000000001,94,75,5.7,JP,1595570174
bandarbeyla,9.49,50.81,82.994,82.994,51,59,13.37,SO,1595570174
ostrovnoy,68.05,39.51,65.22800000000001,65.22800000000001,70,98,7.95,RU,1595570174
sandnessjoen,66.02,12.63,51.512,51.8,93,75,3.1,NO,1595570174
damara,4.96,18.7,69.80000000000001,69.80000000000001,94,75,1.0,CF,1595570175
zheleznodorozhnyy,55.75,38.0,62.726,62.995999999999995,63,56,3.0,RU,1595570175
tasiilaq,65.61,-37.64,37.4,37.4,93,98,3.1,GL,1595570175
vardo,70.37,31.11,64.4,64.4,68,48,2.1,NO,1595570175
salamanca,40.83,-6.0,62.024,69.99799999999999,93,3,2.34,ES,1595570175
puerto ayora,-0.74,-90.35,66.992,66.992,96,88,4.02,EC,1595570175
tiksi,71.69,128.87,68.36,68.36,49,38,5.11,RU,1595570175
benguela,-12.58,13.41,67.69399999999999,67.69399999999999,79,0,1.56,AO,1595570176
tazovskiy,67.47,78.7,55.544,55.544,56,68,7.59,RU,1595569896
vao,-22.67,167.48,69.94399999999999,69.94399999999999,80,27,8.76,NC,1595570176
garoua,9.3,13.4,75.28999999999999,75.28999999999999,89,96,2.67,CM,1595570176
sinnamary,5.38,-52.95,75.70400000000001,75.70400000000001,88,88,2.48,GF,1595570176
provideniya,64.38,-173.3,51.8,51.8,66,91,3.29,RU,1595570176
americus,32.07,-84.23,73.4,73.4,94,5,2.13,US,1595570176
kingori,-3.28,36.98,61.790000000000006,64.4,88,75,2.1,TZ,1595570177
paamiut,61.99,-49.67,45.392,45.392,92,100,2.78,GL,1595570177
urengoy,65.97,78.37,61.088,61.088,51,12,7.09,RU,1595570177
san patricio,19.22,-104.7,77.63,77.63,80,100,0.22,MX,1595570177
dingle,11.0,122.67,86.882,86.882,70,100,1.54,PH,1595570177
omsukchan,62.53,155.8,78.386,78.386,27,1,1.12,RU,1595570177
villarrica,-25.75,-56.43,62.132,62.132,82,22,1.75,PY,1595570177
kamaishi,39.27,141.88,82.4,82.4,61,75,5.1,JP,1595570178
lebu,-37.62,-73.65,43.304,43.304,76,3,1.86,CL,1595570178
araouane,18.9,-3.53,94.946,94.946,24,60,1.88,ML,1595570178
guarda,40.54,-7.27,60.008,60.008,95,0,0.45,PT,1595570178
victoria,22.29,114.16,93.2,93.2,52,20,5.7,HK,1595570158
zemio,5.03,25.14,71.006,71.006,91,29,0.52,CF,1595570178
vanimo,-2.67,141.3,86.45,86.45,64,26,3.94,PG,1595570179
bethel,41.37,-73.41,68.648,69.99799999999999,94,1,1.48,US,1595570179
ust-kut,56.79,105.77,81.59,81.59,32,8,3.03,RU,1595570179
gizo,-8.1,156.84,83.53399999999999,83.53399999999999,79,80,7.12,SB,1595570179
vestmannaeyjar,63.44,-20.27,50.126000000000005,50.126000000000005,83,86,3.77,IS,1595570179
saint george,37.1,-113.58,80.096,80.99600000000001,39,1,4.1,US,1595570179
kirkland lake,48.14,-80.04,60.8,60.8,82,1,1.5,CA,1595569915
toronto,43.7,-79.42,67.406,69.80000000000001,77,1,4.1,CA,1595569896
bamnet narong,15.5,101.69,90.644,90.644,54,88,2.51,TH,1595570180
huarmey,-10.07,-78.15,60.367999999999995,60.367999999999995,88,67,2.14,PE,1595570180
gazojak,41.19,61.4,91.904,91.904,20,0,2.68,TM,1595570180
portree,57.41,-6.19,51.998000000000005,51.998000000000005,92,73,0.89,GB,1595570180
mitchell,43.71,-98.03,80.6,80.6,74,1,6.7,US,1595570181
yellowknife,62.46,-114.35,54.878,55.400000000000006,100,75,4.1,CA,1595570181
buala,-8.14,159.59,83.642,83.642,77,32,4.43,SB,1595570181
lata,40.16,-8.33,60.998000000000005,62.006,95,2,0.45,PT,1595570181
cap malheureux,-19.98,57.61,69.99799999999999,69.99799999999999,52,52,4.02,MU,1595569914
tura,25.52,90.22,81.68,81.68,82,99,2.76,IN,1595570181
norman wells,65.28,-126.83,57.2,57.2,71,20,4.6,CA,1595570181
camacha,33.08,-16.33,68.0,68.0,82,40,5.7,PT,1595570182
ujszasz,47.3,20.08,68.27,71.99600000000001,88,29,2.1,HU,1595570182
svetlogorsk,52.63,29.73,58.388000000000005,58.388000000000005,77,0,2.53,BY,1595570182
ishigaki,24.34,124.16,91.4,91.4,75,75,5.7,JP,1595570155
empangeni,-28.76,31.89,58.478,58.478,66,0,1.76,ZA,1595570182
alyangula,-13.85,136.42,80.6,80.6,54,90,3.6,AU,1595570183
bar harbor,44.39,-68.2,64.292,64.994,100,40,1.07,US,1595570126
kovylkino,54.04,43.91,61.142,61.142,69,81,2.57,RU,1595570183
wakkanai,45.41,141.67,59.0,59.0,93,75,6.2,JP,1595570183
cabedelo,-6.98,-34.83,74.21000000000001,74.21000000000001,83,15,6.65,BR,1595570183
yining,29.04,114.56,90.32,90.32,67,100,1.38,CN,1595570183
ahuimanu,21.44,-157.84,79.952,82.4,65,75,4.1,US,1595570183
mehamn,71.04,27.85,48.632000000000005,50.0,100,90,1.5,NO,1595570184
yerkoy,39.64,34.47,68.936,68.936,50,0,2.84,TR,1595570184
khatanga,71.97,102.5,44.294,44.294,89,100,7.01,RU,1595570184
torit,4.41,32.57,74.084,74.084,82,16,0.47,SS,1595570184
kulykiv,50.31,24.82,60.998000000000005,60.998000000000005,82,11,1.49,UA,1595570184
lompoc,34.64,-120.46,57.848,59.0,82,41,3.1,US,1595570184
smidovich,48.6,133.82,75.03800000000001,75.03800000000001,68,68,1.88,RU,1595570185
juegang,32.32,121.19,76.838,76.838,75,77,7.7,CN,1595570185
alofi,-19.06,-169.92,73.4,73.4,100,64,7.2,NU,1595570185
mozarlandia,-14.74,-50.57,67.532,67.532,42,2,2.33,BR,1595570185
brae,60.4,-1.35,53.6,53.6,87,43,1.0,GB,1595570185
kenai,60.55,-151.26,57.686,60.8,71,1,7.7,US,1595570186
oum hadjer,13.3,19.7,81.428,81.428,54,99,2.16,TD,1595570186
ilulissat,69.22,-51.1,53.6,53.6,58,100,2.1,GL,1595570186
gurupa,-1.41,-51.64,73.184,73.184,94,100,1.44,BR,1595570186
vryheid,-27.77,30.79,44.942,44.942,67,0,0.88,ZA,1595570186
laela,-8.57,32.05,55.454,55.454,69,17,3.74,TZ,1595570187
jumla,29.27,82.18,73.994,73.994,94,30,3.02,NP,1595570187
berlevag,70.86,29.09,54.194,64.4,100,90,1.5,NO,1595570187
katsuura,35.13,140.3,79.718,80.006,80,100,1.34,JP,1595570187
hofn,64.25,-15.21,47.066,47.066,62,39,6.55,IS,1595570187
honiara,-9.43,159.95,89.6,89.6,62,20,6.2,SB,1595569963
saint-leu,-21.15,55.28,64.166,69.80000000000001,52,20,14.4,RE,1595570187
viedma,-40.81,-63.0,41.0,41.0,94,100,4.47,AR,1595570188
saint anthony,45.02,-93.22,71.168,71.99600000000001,73,1,3.1,US,1595570188
dubai,25.26,55.3,92.822,93.2,52,0,5.7,AE,1595570188
severo-kurilsk,50.68,156.12,51.044,51.044,85,99,1.58,RU,1595570188
riyadh,24.69,46.72,95.0,95.0,30,32,4.6,SA,1595570058
douentza,15.0,-2.95,83.31800000000001,83.31800000000001,63,65,10.53,ML,1595570188
kilindoni,-7.91,39.67,75.09200000000001,75.09200000000001,76,23,9.7,TZ,1595570189
rodeo,38.03,-122.27,57.794,62.006,86,2,1.79,US,1595570189
ulaanbaatar,47.91,106.88,80.6,80.6,34,20,2.0,MN,1595570168
grand-santi,4.25,-54.38,71.22200000000001,71.22200000000001,96,100,0.98,GF,1595570189
tigil,57.8,158.67,63.518,63.518,66,57,4.64,RU,1595570189
liku,-0.73,119.89,84.848,84.848,65,64,1.92,ID,1595570189
necochea,-38.55,-58.74,46.004000000000005,46.004000000000005,28,96,6.26,AR,1595570190
pierre,44.37,-100.35,83.426,84.2,62,1,6.2,US,1595570190
cochrane,51.18,-114.47,53.150000000000006,55.004,93,75,1.0,CA,1595570190
nizhniy kuranakh,58.84,125.49,68.468,68.468,81,100,0.45,RU,1595570190
egvekinot,66.32,-179.17,62.312,62.312,55,69,2.32,RU,1595569917
kargasok,59.06,80.86,69.89,69.89,46,0,3.29,RU,1595570191
moose factory,51.26,-80.61,66.2,66.2,77,1,4.1,CA,1595570191
nanakuli,21.39,-158.15,80.492,82.4,54,1,2.6,US,1595570191
bambous virieux,-20.34,57.76,71.006,71.006,49,70,5.81,MU,1595570191
axim,4.87,-2.24,73.202,73.202,92,96,2.42,GH,1595570191
ancud,-41.87,-73.82,39.578,42.007999999999996,93,90,0.5,CL,1595570192
si satchanalai,17.52,99.76,93.2,93.2,59,40,1.0,TH,1595570192
kailua,21.4,-157.74,78.602,82.4,65,75,4.1,US,1595570192
lavrentiya,65.58,-171.0,55.742000000000004,55.742000000000004,64,98,3.05,RU,1595570192
dubbo,-32.25,148.62,66.2,66.2,42,0,2.1,AU,1595569911
arlit,18.74,7.39,90.014,90.014,37,27,5.01,NE,1595570192
pontianak,-0.03,109.33,91.79599999999999,91.79599999999999,52,78,0.55,ID,1595570192
wahiawa,21.5,-158.02,79.934,82.4,73,75,5.7,US,1595570193
cockburn town,21.46,-71.14,83.048,83.048,78,7,9.35,TC,1595570193
sungaipenuh,-2.08,101.38,77.072,77.072,74,90,0.49,ID,1595570193
pangnirtung,66.15,-65.71,48.218,48.218,80,75,1.28,CA,1595570193
nome,64.5,-165.41,49.712,50.0,81,90,4.6,US,1595570193
banda aceh,5.56,95.32,85.622,85.622,66,100,3.69,ID,1595570193
sisimiut,66.94,-53.67,47.786,47.786,85,99,4.68,GL,1595570194
tadine,-21.55,167.88,71.348,71.348,80,39,6.95,NC,1595570194
pauini,-7.71,-66.98,73.22,73.22,72,27,0.71,BR,1595570194
waddan,29.16,16.14,73.616,73.616,54,0,1.19,LY,1595570194
dosso,13.05,3.19,79.7,79.7,72,97,2.09,NE,1595570194
namatanai,-3.67,152.43,84.506,84.506,72,87,4.89,PG,1595570194
iquique,-20.22,-70.14,60.8,60.8,63,90,5.1,CL,1595570194
forio,40.73,13.86,77.612,80.006,82,0,0.45,IT,1595570088
husavik,66.04,-17.34,42.8,42.8,87,90,4.1,IS,1595570195
lorengau,-2.02,147.27,84.812,84.812,74,79,3.95,PG,1595570195
saint-augustin,51.23,-58.65,59.252,59.252,72,96,1.85,CA,1595570195
nishihara,26.18,127.76,87.602,87.80000000000001,74,75,5.7,JP,1595570195
kavaratti,10.57,72.64,84.2,84.2,79,90,3.1,IN,1595570195
raudeberg,61.99,5.14,53.798,57.002,66,11,2.1,NO,1595570196
krasnoselkup,65.7,82.47,61.61,61.61,54,42,6.55,RU,1595570196
jining,35.41,116.58,87.25999999999999,87.25999999999999,45,2,2.84,CN,1595570196
madimba,-10.4,40.33,71.6,71.6,78,75,7.7,TZ,1595570196
mendoza,-32.89,-68.83,33.8,33.8,80,0,1.0,AR,1595570196
codrington,-38.27,141.97,53.888000000000005,53.888000000000005,74,100,3.82,AU,1595570197
mangrol,21.12,70.12,87.404,87.404,67,66,5.2,IN,1595570197
mount gambier,-37.83,140.77,57.2,57.2,58,100,5.1,AU,1595570197
krasnorechenskiy,44.63,135.35,67.74799999999999,67.74799999999999,83,97,2.14,RU,1595570197
najran,17.49,44.13,89.6,89.6,29,40,2.1,SA,1595570197
harper,4.38,-7.72,74.408,74.408,88,97,3.36,LR,1595570197
constantine,36.37,6.61,66.2,66.2,77,0,1.0,DZ,1595570197
nabire,-3.37,135.48,85.406,85.406,68,32,2.32,ID,1595570198
ezhou,30.4,114.83,85.91,85.91,77,92,1.42,CN,1595570198
richards bay,-28.78,32.04,60.566,60.566,68,8,2.48,ZA,1595569919
labuhan,-6.88,112.21,85.00999999999999,85.00999999999999,59,77,2.49,ID,1595570198
cidreira,-30.18,-50.21,64.976,64.976,80,90,3.16,BR,1595570198
north bend,43.41,-124.22,55.184,55.400000000000006,93,1,4.1,US,1595570199
kaeo,-35.1,173.78,53.996,53.996,3,24,3.13,NZ,1595570199
rocha,-34.48,-54.33,56.444,56.444,90,97,4.14,UY,1595570199
sioux lookout,50.1,-91.92,66.2,66.2,68,40,3.1,CA,1595570199
petawawa,45.9,-77.33,58.496,59.0,82,1,1.17,CA,1595570199
derzhavinsk,51.1,66.32,75.18199999999999,75.18199999999999,50,99,7.09,KZ,1595570199
pitsunda,43.16,40.34,77.0,77.0,73,75,4.0,GE,1595570199
sao goncalo do sapucai,-21.89,-45.6,55.004,55.004,85,0,1.76,BR,1595570200
vikulovo,56.82,70.61,69.674,69.674,42,0,4.8,RU,1595570200
rio gallegos,-51.62,-69.22,37.4,37.4,69,40,7.2,AR,1595570200
gawler,-34.6,138.73,64.634,66.00200000000001,41,1,4.02,AU,1595570200
petrovsk-zabaykalskiy,51.27,108.84,83.336,83.336,37,40,0.68,RU,1595570200
ormara,25.21,64.64,85.766,85.766,77,59,6.89,PK,1595570200
armizonskoye,55.95,67.67,68.828,68.828,58,62,7.19,RU,1595570201
arak,34.09,49.69,85.406,85.406,14,5,1.65,IR,1595570201
fairbanks,64.84,-147.72,58.676,64.4,59,1,1.5,US,1595570023
marsa matruh,31.35,27.25,71.6,71.6,88,0,1.0,EG,1595570201
binga,-17.62,27.34,58.730000000000004,58.730000000000004,58,46,1.44,ZW,1595570201
torrevieja,37.98,-0.68,70.664,71.006,76,0,0.45,ES,1595570201
havre-saint-pierre,50.23,-63.6,53.6,53.6,93,1,2.6,CA,1595570201
sangmelima,2.93,11.98,65.19200000000001,65.19200000000001,97,99,1.12,CM,1595570202
osoyoos,49.03,-119.45,68.09,75.2,33,40,3.6,CA,1595570202
yarovoye,52.93,78.58,70.77199999999999,70.77199999999999,61,96,6.43,RU,1595570202
mongu,-15.25,23.13,55.814,55.814,50,37,4.8,ZM,1595570202
kavieng,-2.57,150.8,84.542,84.542,74,99,5.63,PG,1595570202
yuzhnyy,53.25,83.69,73.4,73.4,38,74,4.0,RU,1595570202
coquimbo,-29.95,-71.34,44.996,44.996,61,31,1.99,CL,1595570203
novovoronezh,51.31,39.22,68.0,68.0,37,75,1.0,RU,1595570203
donskoy,53.97,38.34,64.994,64.994,53,5,3.21,RU,1595570203
guadalupe,25.68,-100.25,80.798,80.99600000000001,74,40,3.1,MX,1595569935
parakan,-6.42,106.01,88.124,88.124,57,100,0.76,ID,1595570203
clones,54.18,-7.23,53.006,53.006,88,31,0.45,IE,1595570203
sao joao da barra,-21.64,-41.05,69.656,69.656,81,0,4.56,BR,1595570204
tanout,14.97,8.89,80.834,80.834,56,89,5.95,NE,1595570204
gobabis,-22.45,18.97,33.8,33.8,64,0,0.5,NA,1595570205
tromso,69.65,18.96,48.2,48.2,93,40,1.5,NO,1595570076
yokadouma,3.52,15.05,69.76400000000001,69.76400000000001,90,90,1.41,CM,1595569994
rincon,32.3,-81.24,76.172,80.6,83,1,1.85,US,1595570205
amazar,53.86,120.88,74.49799999999999,74.49799999999999,77,100,2.48,RU,1595569969
gazli,40.13,63.45,93.36200000000001,93.36200000000001,22,0,6.08,UZ,1595570206
haimen,23.19,116.61,96.8,96.8,44,20,2.0,CN,1595570206
okakarara,-20.58,17.43,39.83,39.83,66,0,1.68,NA,1595570206
qandala,11.47,49.87,91.418,91.418,46,0,2.24,SO,1595570206
sawai madhopur,25.98,76.37,94.49600000000001,94.49600000000001,44,22,0.91,IN,1595570207
nelson,-41.28,173.28,48.578,50.0,68,73,0.45,NZ,1595570207
macabugos,13.24,123.31,86.468,86.468,71,100,1.04,PH,1595570208
cantanhede,-3.63,-44.38,70.646,70.646,88,67,0.95,BR,1595570208
carlisle,40.2,-77.19,74.786,75.992,89,100,0.45,US,1595570036
zhanjiang,21.28,110.34,92.03,92.03,55,5,4.76,CN,1595570208
itarema,-2.92,-39.92,75.27199999999999,75.27199999999999,88,94,5.16,BR,1595570209
eyl,7.98,49.82,83.156,83.156,50,97,13.11,SO,1595570209
bac ninh,21.18,106.05,95.0,95.0,53,40,3.6,VN,1595570204
krasnokamensk,50.1,118.04,90.662,90.662,35,65,5.54,RU,1595570209
nador,35.17,-2.93,69.134,71.6,73,20,0.8,MA,1595570209
show low,34.25,-110.03,60.29600000000001,62.6,82,1,1.3,US,1595570210
waipawa,-41.41,175.52,46.454,46.994,61,22,2.6,NZ,1595570210
zyryanka,65.75,150.85,89.006,89.006,25,0,3.23,RU,1595570210
kitui,-1.37,38.01,65.768,65.768,71,86,2.89,KE,1595570210
tari,12.41,4.49,76.78399999999999,76.78399999999999,83,100,2.47,NG,1595570210
sitka,57.05,-135.33,55.400000000000006,55.400000000000006,87,40,1.5,US,1595570010
shaunavon,49.65,-108.42,65.98400000000001,65.98400000000001,73,80,6.9,CA,1595570211
chunskiy,56.08,99.63,67.532,67.532,55,71,4.64,RU,1595570211
ushtobe,45.25,77.98,96.00800000000001,96.00800000000001,14,73,4.86,KZ,1595570211
marawi,8.0,124.29,84.992,84.992,82,74,2.24,PH,1595570211
great falls,47.5,-111.3,62.33,64.994,72,1,5.7,US,1595570211
lasa,46.62,10.7,55.058,57.992000000000004,100,75,0.75,IT,1595570211
celestun,20.87,-90.4,79.142,79.142,86,76,4.15,MX,1595570211
clyde river,70.47,-68.59,46.4,46.4,81,90,1.0,CA,1595570212
la reforma,25.08,-108.05,81.374,82.004,80,63,1.79,MX,1595570212
podporozhye,60.91,34.17,60.134,60.134,62,1,2.45,RU,1595570212
sorland,67.67,12.69,51.8,51.8,93,75,9.3,NO,1595570212
beohari,24.05,81.38,93.038,93.038,46,61,2.3,IN,1595570213
micheweni,-4.97,39.83,78.044,78.044,69,0,8.09,TZ,1595570213
port lincoln,-34.73,135.87,59.864000000000004,59.864000000000004,64,64,6.93,AU,1595570213
panama city,8.99,-79.52,77.0,77.0,94,98,1.52,PA,1595570061
fukue,32.69,128.84,78.80000000000001,78.80000000000001,83,75,6.7,JP,1595570213
clinton,42.59,-82.92,63.95,66.00200000000001,100,1,2.1,US,1595570214
shahreza,32.03,51.88,87.188,87.188,12,0,1.28,IR,1595570214
caravelas,-17.71,-39.25,69.89,69.89,92,62,2.83,BR,1595570214
yuanping,38.72,112.76,85.244,85.244,32,19,2.09,CN,1595570214
zhatay,62.16,129.83,87.80000000000001,87.80000000000001,25,18,1.0,RU,1595570214
reyes,-14.32,-67.38,72.71600000000001,72.71600000000001,85,25,0.66,BO,1595570215
alta floresta,-9.88,-56.09,70.358,70.358,65,6,1.34,BR,1595570215
antofagasta,-23.65,-70.4,53.6,53.6,76,0,6.7,CL,1595569979
zhigansk,66.77,123.37,71.22200000000001,71.22200000000001,55,36,6.42,RU,1595570215
mossoro,-5.19,-37.34,71.6,71.6,79,71,2.53,BR,1595570215
podgornoye,51.73,39.15,68.0,68.0,37,56,1.0,RU,1595570215
yaring,6.87,101.37,89.6,89.6,66,20,3.1,TH,1595570216
clearlake,38.96,-122.63,57.992000000000004,59.0,83,0,0.89,US,1595570216
venado,22.93,-101.08,66.00200000000001,66.00200000000001,77,10,4.18,MX,1595570216
havelock,34.88,-76.9,78.74600000000001,80.99600000000001,87,68,3.21,US,1595570216
goundam,16.41,-3.67,91.652,91.652,40,61,6.24,ML,1595570216
mookane,-23.69,26.66,44.546,44.546,85,0,2.53,BW,1595570216
psebay,44.12,40.81,74.93,74.93,57,0,1.35,RU,1595570216
buritizeiro,-17.35,-44.96,58.406,58.406,62,0,0.93,BR,1595570217
shubarkuduk,49.14,56.49,80.69,80.69,37,0,7.76,KZ,1595570217
nara,34.69,135.8,83.57,84.2,74,75,2.1,JP,1595570061
wanning,18.8,110.4,89.99600000000001,89.99600000000001,60,38,5.05,CN,1595570217
vostok,46.49,135.88,70.53800000000001,70.53800000000001,70,53,2.4,RU,1595570217
smithers,54.78,-127.17,51.8,51.8,87,75,1.5,CA,1595570217
los llanos de aridane,28.66,-17.92,71.15,71.99600000000001,77,75,8.2,ES,1595570217
balabac,7.99,117.06,77.072,77.072,90,100,3.09,PH,1595570218
avera,33.19,-82.53,73.85,75.2,78,1,2.96,US,1595570218
praia da vitoria,38.73,-27.07,66.2,66.2,82,20,1.47,PT,1595570218
half moon bay,37.46,-122.43,57.506,60.998000000000005,93,90,2.6,US,1595570218
guerrero negro,27.98,-114.06,64.238,64.238,88,0,4.97,MX,1595570218
bobicesti,44.38,24.15,67.74799999999999,69.008,88,59,3.1,RO,1595570218
flinders,-34.58,150.86,65.31800000000001,66.992,63,0,2.68,AU,1595570219
tocopilla,-22.09,-70.2,53.042,53.042,65,2,2.0,CL,1595570219
okhotsk,59.38,143.3,62.078,62.078,73,99,5.46,RU,1595570219
nonoichi,36.53,136.62,80.6,80.6,83,90,2.1,JP,1595570219
nokia,61.47,23.5,50.36,51.008,93,20,4.1,FI,1595570219
hualmay,-11.1,-77.61,60.638000000000005,60.638000000000005,86,79,3.1,PE,1595570219
muisne,0.6,-80.03,73.292,73.292,85,99,3.81,EC,1595570219
puerto maldonado,-12.6,-69.18,73.238,73.238,85,52,0.54,PE,1595570220
tricase,39.93,18.36,78.062,82.004,94,5,1.0,IT,1595570220
ust-kuyga,70.02,135.6,84.326,84.326,34,15,3.94,RU,1595570220
isawa,35.65,138.63,76.46000000000001,77.0,73,75,1.5,JP,1595570220
floro,61.6,5.03,55.400000000000006,55.400000000000006,66,40,2.1,NO,1595570220
kuusamo,65.97,29.18,57.2,57.2,82,40,2.1,FI,1595570220
ikovka,55.61,64.94,64.274,64.274,71,95,6.09,RU,1595570220
mataram,-8.58,116.12,84.2,84.2,58,40,8.7,ID,1595570187
opuwo,-18.06,13.84,48.632000000000005,48.632000000000005,48,0,3.84,NA,1595570221
mahebourg,-20.41,57.7,67.56800000000001,67.56800000000001,64,69,10.76,MU,1595570221
itacoatiara,-3.14,-58.44,73.4,73.4,100,62,0.65,BR,1595570221
tutoia,-2.76,-42.27,76.74799999999999,76.74799999999999,80,100,4.23,BR,1595570221
whitehorse,60.72,-135.05,57.272,59.0,62,75,0.93,CA,1595570221
chancay,-11.57,-77.27,59.0,59.0,87,20,2.1,PE,1595570222
sept-iles,50.2,-66.38,55.400000000000006,55.400000000000006,93,75,1.0,CA,1595570222
leningradskiy,69.38,178.42,43.286,43.286,75,73,4.82,RU,1595570222
mumford,5.26,-0.76,72.78800000000001,72.78800000000001,93,78,3.29,GH,1595570222
ketchikan,55.34,-131.65,55.400000000000006,55.400000000000006,93,90,2.1,US,1595570222
janesville,42.68,-89.02,64.52600000000001,64.994,100,1,1.7,US,1595570214
kloulklubed,7.04,134.26,82.4,82.4,83,75,4.1,PW,1595570009
zhezkazgan,47.8,67.71,87.80000000000001,87.80000000000001,20,75,8.0,KZ,1595570223
nadym,65.53,72.52,62.042,62.042,48,0,6.47,RU,1595570223
sidi bin nur,35.53,10.92,73.4,73.4,64,0,2.6,TN,1595570223
galesong,-5.32,119.37,89.6,89.6,46,20,3.6,ID,1595570223
chapais,49.78,-74.85,57.2,57.2,82,1,1.0,CA,1595570223
prainha,-1.8,-53.48,74.21000000000001,74.21000000000001,88,100,1.07,BR,1595570223
saint-pierre,-21.34,55.48,65.048,69.80000000000001,52,20,14.4,RE,1595570224
liverpool,53.41,-2.98,58.28,59.0,87,40,1.5,GB,1595570224
mirzapur,25.15,82.58,87.80000000000001,87.80000000000001,70,75,2.1,IN,1595570224
kourou,5.16,-52.65,75.2,75.2,100,90,1.98,GF,1595570224
akyab,20.15,92.9,84.30799999999999,84.30799999999999,80,94,5.45,MM,1595570224
labytnangi,66.66,66.42,65.35400000000001,65.35400000000001,47,27,5.08,RU,1595570224
grindavik,63.84,-22.43,46.4,46.4,81,72,6.2,IS,1595570225
aasiaat,68.71,-52.87,42.872,42.872,89,95,6.45,GL,1595570225
fort nelson,58.81,-122.7,62.6,62.6,72,75,3.1,CA,1595570035
steamboat springs,40.48,-106.83,57.128,59.0,77,1,0.81,US,1595570033
tukrah,32.53,20.58,77.882,77.882,70,1,1.73,LY,1595570225
bonthe,7.53,-12.51,75.77600000000001,75.77600000000001,89,100,4.79,SL,1595570225
atchison,39.56,-95.12,79.80799999999999,80.6,78,1,3.6,US,1595570226
beverley,53.85,-0.42,55.976,57.992000000000004,87,19,3.1,GB,1595570226
dwarka,22.24,68.97,87.008,87.008,70,83,4.27,IN,1595570105
sandy bay,-42.91,147.35,52.268,53.006,62,75,2.6,AU,1595569929
sao jose da coroa grande,-8.9,-35.15,73.31,73.31,81,32,4.64,BR,1595570226
jaisalmer,26.91,70.92,97.844,97.844,40,0,6.57,IN,1595570226
tual,-5.67,132.75,79.304,79.304,81,11,7.6,ID,1595570226
malaya vishera,58.85,32.22,58.622,58.622,65,56,2.56,RU,1595570227
tokur,53.13,132.9,76.244,76.244,41,90,1.54,RU,1595570227
auki,-8.77,160.7,84.398,84.398,70,3,2.95,SB,1595569971
san carlos,9.66,-68.58,72.23,72.23,95,25,1.21,VE,1595570227
yerbogachen,61.28,108.01,71.006,71.006,49,27,2.26,RU,1595570227
doha,25.29,51.53,96.998,100.994,71,20,5.7,QA,1595570016
mackay,-21.15,149.2,68.0,68.0,77,53,6.7,AU,1595570227
morondava,-20.28,44.28,72.84200000000001,72.84200000000001,50,0,5.21,MG,1595570228
ahipara,-35.17,173.17,53.564,53.564,79,27,3.93,NZ,1595570228
khorixas,-20.37,14.97,54.41,54.41,38,0,6.1,NA,1595570228
puerto lopez,4.08,-72.96,72.896,72.896,95,100,1.13,CO,1595570228
sterling,39.01,-77.43,73.52600000000001,73.994,100,90,2.48,US,1595570098
marzuq,14.4,46.47,82.256,82.256,50,12,3.36,YE,1595569995
zinder,13.81,8.99,73.4,73.4,88,20,5.1,NE,1595570228
hambantota,6.12,81.12,84.2,84.2,74,75,4.6,LK,1595570229
tynset,62.28,10.78,42.8,42.8,93,75,6.2,NO,1595570229
nizhnyaya tavda,57.67,66.17,68.378,68.378,49,4,4.11,RU,1595570192
isangel,-19.55,169.27,84.2,84.2,70,40,4.1,VU,1595570229
linjiang,41.81,126.91,87.134,87.134,34,96,2.45,CN,1595570229
afogados da ingazeira,-7.75,-37.64,60.367999999999995,60.367999999999995,91,32,2.23,BR,1595570229
ugoofaaru,5.67,73.0,80.438,80.438,79,100,6.72,MV,1595570230
takoradi,4.88,-1.76,72.86,72.86,92,90,2.51,GH,1595570230
padang,-0.95,100.35,84.2,84.2,79,20,2.1,ID,1595570230
batagay-alyta,67.8,130.41,78.656,78.656,33,31,1.2,RU,1595570230
hortobagy,47.58,21.15,64.4,64.4,88,23,2.6,HU,1595570230
san cristobal,7.77,-72.22,63.644,63.644,90,83,1.23,VE,1595570230
houma,29.6,-90.72,79.34,80.006,94,1,4.1,US,1595570230
warrington,53.39,-2.58,57.704,59.0,87,40,1.5,GB,1595570231
ratnagiri,16.98,73.3,83.012,83.012,76,100,1.97,IN,1595570231
gweta,-20.18,25.23,48.452,48.452,73,0,5.56,BW,1595570231
murray bridge,-35.12,139.27,59.396,60.998000000000005,53,17,0.45,AU,1595570231
salina cruz,16.17,-95.2,79.952,79.952,78,77,1.97,MX,1595570101
seoul,37.57,126.98,76.80199999999999,78.80000000000001,69,90,2.6,KR,1595570104
kushima,31.46,131.23,75.866,77.0,94,75,4.6,JP,1595570231
vestmanna,62.16,-7.17,50.0,50.0,100,100,4.1,FO,1595570232
ippy,6.27,21.22,68.55799999999999,68.55799999999999,94,100,0.58,CF,1595570232
hatillo,18.49,-66.83,74.66,75.992,74,12,0.89,PR,1595570232
tamandare,-8.76,-35.1,73.382,73.382,81,42,4.51,BR,1595570232
rehoboth,-23.32,17.08,41.126000000000005,41.126000000000005,63,0,2.44,NA,1595570232
knysna,-34.04,23.05,71.6,71.6,17,0,4.6,ZA,1595570233
voi,-3.39,38.56,72.644,72.644,53,26,3.24,KE,1595570233
mananara,-16.17,49.77,69.458,69.458,76,91,5.75,MG,1595570233
cravo norte,6.3,-70.2,74.822,74.822,93,100,1.72,CO,1595570233
pyapon,16.28,95.68,91.67,91.67,54,58,1.07,MM,1595570233
shangrao,28.45,117.97,89.708,89.708,69,100,2.95,CN,1595570234
mount isa,-20.73,139.5,80.6,80.6,22,0,0.5,AU,1595570234
portland,45.52,-122.68,60.656,62.995999999999995,72,20,3.1,US,1595569920
ust-kalmanka,52.12,83.31,77.95400000000001,77.95400000000001,47,82,3.2,RU,1595570234
bambui,-20.01,-45.98,56.426,56.426,71,0,1.16,BR,1595570234
broken hill,-31.95,141.43,66.2,66.2,37,75,5.7,AU,1595570234
zeya,53.75,127.27,78.17,78.17,55,97,4.09,RU,1595570235
dubovka,49.06,44.83,75.11,75.2,29,40,2.0,RU,1595570235
vilhena,-12.74,-60.15,69.476,69.476,54,21,1.92,BR,1595570235
naze,28.37,129.48,86.918,87.80000000000001,79,75,8.2,JP,1595570235
byron bay,-28.65,153.62,59.918,60.8,93,90,3.6,AU,1595570235
bardiyah,31.76,25.09,75.956,75.956,67,0,2.38,LY,1595570236
kahului,20.89,-156.47,75.794,82.4,54,40,7.2,US,1595570236
aljezur,37.32,-8.8,69.99799999999999,69.99799999999999,69,0,4.76,PT,1595570236
yendi,9.44,-0.01,72.01400000000001,72.01400000000001,96,100,2.36,GH,1595570236
pompeu,-19.22,-44.94,55.256,55.256,82,0,1.67,BR,1595570236
vanavara,60.34,102.28,51.728,51.728,94,100,0.75,RU,1595570236
verkhnevilyuysk,63.45,120.32,81.626,81.626,43,86,1.29,RU,1595570047
trat,12.5,102.5,82.4,82.4,83,75,6.2,TH,1595570237
elmadag,39.92,33.23,66.70400000000001,68.0,55,0,4.1,TR,1595570237
villazon,-22.09,-65.59,31.028,31.028,59,0,2.1,BO,1595570237
faya,18.39,42.45,72.5,73.4,78,41,1.83,SA,1595570237
myronivka,49.66,30.98,65.19200000000001,65.19200000000001,72,47,3.07,UA,1595570237
tawang,27.58,91.87,64.688,64.688,73,85,2.11,IN,1595570237
fernie,49.5,-115.07,66.00200000000001,66.00200000000001,43,0,2.68,CA,1595570237
ust-tsilma,65.44,52.15,76.46000000000001,76.46000000000001,38,5,3.32,RU,1595570238
keti bandar,24.14,67.45,89.924,89.924,65,59,8.26,PK,1595570238
